ID,Gene_name,Variant_effect,Class_assignment,RSA,RSA_envt,Z_score,Z_score_envt,ASA,Proba_a_helix,Proba_B_strand,Proba_Coil
1,KCNQ1,missense,B,0.234,0.219625,-1.268,0.131,25.831,0.97,0.001,0.03
4,GJB3,missense,E,0.598,0.309125,-0.33,-0.013,87.518,0.023,0.655,0.322
5,GJB3,missense,B,0.202,0.1645,-0.016,0.0715,22.216,0.975,0.003,0.022
7,SLC26A4,missense,E,0.412,0.415875,0.831,0.029,72.011,0.052,0.084,0.864
8,FOXI1,missense,E,0.367,0.25275,-2.157,-2.576375,28.859,0.058,0.017,0.925
9,CDH23,missense,B,0.068,0.232375,0.607,-0.02075,13.668,0.004,0.085,0.91
10,ATP2B2,missense,B,0.021,0.211375,1.195,0.68025,3.258,0.004,0.085,0.91
14,CDH23,missense,E,0.302,0.183125,0.876,0.20175,69.158,0.6,0.003,0.397
15,CDH23,missense,E,0.405,0.323625,-0.399,-0.647875,56.146,0.018,0.047,0.935
17,DYNC2H1,missense,E,0.679,0.376375,0.224,0.278875,53.469,0.988,0,0.012
18,NPHS2,missense,B,0.135,0.16275,0.629,0.187875,30.938,0.011,0.918,0.071
20,PROKR2,missense,B,0.086,0.157,0.795,0.531625,15.673,0.717,0.014,0.269
21,KAL1,missense,E,0.335,0.3895,-0.828,-1.03175,39.215,0.023,0.655,0.322
22,FGFR1,missense,B,0.196,0.184875,0.588,-0.4605,35.943,0.003,0.718,0.279
24,FGFR1,missense,E,0.404,0.356375,-0.115,-0.397,92.539,0.339,0.016,0.645
25,GNRHR,missense,E,0.427,0.1915,0.334,-0.207625,76.28,0.97,0.001,0.03
26,GNRHR,missense,E,0.363,0.303625,0.147,0.054625,83.127,0.858,0.002,0.139
27,KAL1,missense,E,0.392,0.352125,-1.482,-1.4115,68.535,0.005,0.045,0.951
28,NSMF,missense,B,0.313,0.354,-1.33,-0.853375,34.46,0.455,0.046,0.498
33,TJP2,missense,B,0.022,0.122375,1.055,-0.271375,3.366,0.004,0.197,0.799
35,OTUD4,missense,E,0.456,0.389625,-1.471,-2.13475,35.871,0.018,0.019,0.964
36,RNF216,missense,E,0.389,0.22125,1.079,0.18925,88.967,0.022,0.359,0.619
37,EDNRB,missense,E,0.555,0.493375,-0.308,-0.3205,65.034,0.975,0.003,0.022
39,PARK7,missense,E,0.571,0.332,1.062,0.0105,62.924,0,0.983,0.017
40,PINK1,missense,E,0.471,0.457625,-0.895,-1.1375,66.863,0.191,0.086,0.723
43,CYP1B1,missense,E,0.34,0.39875,0.69,0.40625,77.814,0.858,0.002,0.139
44,MYOC,missense,E,0.328,0.328375,0.153,0.086875,25.829,0.005,0.336,0.66
45,MYOC,missense,B,0.213,0.2685,1.128,-0.0375,38.042,0.058,0.017,0.925
47,TYR,missense,E,0.609,0.301375,0.282,0.000875,139.553,0.988,0,0.012
48,OCA2,missense,B,0.309,0.190375,-0.463,-0.58625,47.57,0.694,0.003,0.303
50,OCA2,missense,E,0.45,0.392375,-1.357,-1.026,35.415,0.125,0.227,0.648
54,FGG,missense,B,0.095,0.251375,-1.291,-0.13425,7.476,0.058,0.017,0.925
55,FGA,missense,E,0.33,0.30325,-0.985,-1.438125,75.501,0.056,0.142,0.802
56,SLC3A1,missense,B,0.041,0.053,-0.093,0.28475,8.184,0.97,0.001,0.03
57,SLC7A9,missense,B,0.212,0.214125,-0.285,-0.043125,45.283,0.97,0.001,0.03
58,SLC7A9,missense,E,0.367,0.295875,-0.999,-0.185375,28.899,0.975,0.003,0.022
59,SLC3A1,missense,B,0.078,0.13325,-0.206,-0.2455,10.763,0.001,0.9,0.099
61,FZD4,missense,E,0.321,0.300875,0.182,0.213125,73.601,0.988,0,0.012
62,LRP5,missense,E,0.348,0.290625,0.304,-0.332875,79.738,0.002,0.816,0.182
63,HAMP,missense,B,0.073,0.144875,-2.318,-0.109875,5.777,0.021,0.756,0.223
66,LMNA,missense,E,0.464,0.429375,1.431,1.0455,54.357,0.97,0.001,0.03
67,GDAP1,missense,E,0.238,0.174125,2.112,0.883125,54.41,0.923,0.002,0.076
69,CPOX,missense,B,0.069,0.0505,-1.824,-1.0975,5.391,0.004,0.616,0.381
70,ALAD,missense,B,0.141,0.31925,-0.662,-0.322125,28.279,0.278,0.093,0.628
71,POLG,missense,B,0.11,0.10225,-1.279,-0.641125,8.633,0.021,0.756,0.223
72,SCN1A,missense,B,0.119,0.156875,-0.72,0.089,13.147,0.975,0.003,0.022
73,SCN2A,missense,E,0.54,0.456375,-1.571,-1.387875,123.637,0.386,0.097,0.517
75,GGCX,missense,B,0.226,0.232625,0.159,0.129125,34.705,0.923,0.002,0.076
76,PITX2,missense,B,0.083,0.13825,-1.182,-1.375125,9.786,0.018,0.019,0.964
78,KRT14,missense,E,0.383,0.367875,1.545,1.263375,87.753,0.97,0.001,0.03
79,KRT5,missense,E,0.464,0.41375,0.131,0.41225,85.766,0.97,0.001,0.03
80,F5,missense,E,0.62,0.4605,-0.234,-0.602375,142.072,0.019,0.141,0.84
84,HFE,missense,B,0.018,0.227625,1.03,0.495,2.555,0.005,0.045,0.951
86,KCNQ1,missense,B,0.234,0.219625,-1.268,0.131,25.831,0.97,0.001,0.03
87,KCNE1,missense,E,0.597,0.612875,-2.285,-0.866375,84.686,0.018,0.088,0.893
88,KCNQ1,missense,B,0.2,0.137,0.589,0.65275,15.724,0.97,0.001,0.03
89,KCNE1,missense,E,0.414,0.332875,-0.514,0.2095,59.643,0.453,0.248,0.299
90,KCNQ1,missense,B,0.055,0.091875,-1.264,-1.028375,7.615,0.725,0.163,0.112
91,KCNQ1,missense,B,0.169,0.246625,-0.018,-0.088,38.793,0.386,0.097,0.517
92,KCNH2,missense,E,0.369,0.3955,-0.001,-0.577375,84.57,0.97,0.001,0.03
93,KCNE1,missense,E,0.624,0.441,-0.439,-0.62225,73.145,0.191,0.086,0.723
94,KCNH2,missense,B,0.097,0.112375,0.662,0.317125,10.678,0.988,0,0.012
95,KCNH2,missense,E,0.363,0.334375,0.172,-0.173,53.172,0.97,0.001,0.03
97,KCNH2,missense,B,0.16,0.17575,0.369,-0.183125,32.056,0.975,0.003,0.022
98,KCNH2,missense,E,0.279,0.177125,0.725,0.22525,40.146,0.058,0.017,0.925
99,KCNH2,missense,E,0.451,0.418125,-1.471,-1.3725,103.348,0.199,0.152,0.649
100,SCN5A,missense,E,0.288,0.217625,0.576,-0.147375,65.906,0.502,0.002,0.495
101,KCNE1,missense,E,0.566,0.40875,-0.812,-0.993625,129.683,0.199,0.152,0.649
102,SCN5A,missense,B,0.173,0.13725,0.054,-0.478,39.709,0.561,0.047,0.393
105,KCNQ1,missense,E,0.451,0.24,-0.208,-0.574,103.302,0.97,0.001,0.03
106,KCNH2,missense,E,0.429,0.46575,-1.135,-1.006375,98.218,0.622,0.015,0.363
107,SCN5A,missense,E,0.482,0.28325,1.007,0.5125,69.456,0.923,0.002,0.076
108,KCNH2,missense,E,0.304,0.294625,0.666,0.136125,69.685,0,0.983,0.017
109,KCNE2,missense,B,0.207,0.166375,-0.541,-0.288625,41.505,0.97,0.001,0.03
110,CAV3,missense,B,0.135,0.14,0.22,0.446375,18.683,0.975,0.003,0.022
111,KCNH2,missense,B,0.268,0.426375,-1.354,-0.69625,29.501,0.858,0.002,0.139
112,BBS2,missense,E,0.441,0.356625,-0.618,-0.0775,64.533,0.386,0.097,0.517
113,MKKS,missense,B,0.188,0.293625,-0.84,-0.475625,40.261,0.923,0.002,0.076
115,MKKS,missense,B,0.079,0.208625,-0.16,0.21775,8.695,0.199,0.152,0.649
118,BBS4,missense,B,0.021,0.29325,0.908,1.46575,2.347,0.97,0.001,0.03
119,BBS2,missense,B,0.108,0.27025,-0.868,0.233375,15.035,0.002,0.816,0.182
120,BBS1,missense,E,0.59,0.17025,0.095,0.37725,103.09,0.001,0.959,0.04
121,BBS7,missense,B,0.067,0.163625,-0.573,-0.205875,9.237,0.022,0.552,0.426
123,BBS1,missense,B,0.041,0.13075,0.045,-0.130375,8.124,0.052,0.084,0.864
124,MKKS,missense,E,0.31,0.424375,0.025,0.0965,36.332,0.052,0.084,0.864
126,MKKS,missense,B,0.038,0.2565,-0.24,0.631125,5.326,0.858,0.002,0.139
127,BBS2,missense,B,0.233,0.32025,0.511,0.652375,42.607,0.97,0.001,0.03
128,BBS4,missense,E,0.296,0.352625,0.369,0.22675,59.19,0.97,0.001,0.03
130,BBS4,missense,E,0.41,0.2855,2.325,1.334,58.151,0.97,0.001,0.03
131,BBS2,missense,B,0.185,0.254125,0.878,0.529125,42.251,0.923,0.002,0.076
132,BBS4,missense,E,0.614,0.394375,-0.068,1.20125,126.403,0.988,0,0.012
136,BBS7,missense,E,0.569,0.367125,-1.785,-0.443,44.749,0.018,0.846,0.136
140,BBS2,missense,B,0.136,0.2725,-0.251,0.032625,19.598,0.003,0.718,0.279
141,BBS2,missense,E,0.309,0.22475,0.837,-0.311625,70.761,0.701,0.107,0.192
143,CEP290,missense,E,0.579,0.45275,1.02,0.674,67.917,0.923,0.002,0.076
144,BBS10,missense,B,0.11,0.097375,-0.375,0.373875,15.486,0.725,0.163,0.112
146,BBS5,missense,B,0.111,0.056625,-0.5,0.440125,16.177,0.011,0.918,0.071
149,BBS10,missense,B,0.049,0.227375,0.244,0.548875,8.99,0.321,0.003,0.675
151,BBS12,missense,B,0.021,0.236,0.455,1.252375,1.645,0.97,0.001,0.03
152,BBS12,missense,E,0.531,0.393875,-0.037,0.2185,113.453,0.502,0.102,0.396
153,BBS10,missense,B,0.038,0.200625,0.589,0.88575,6.912,0.858,0.002,0.139
155,BBS4,missense,B,0.092,0.2825,0.913,-0.013,12.802,0.694,0.003,0.303
157,BBS10,missense,E,0.58,0.293375,1.701,1.44775,63.905,0.97,0.001,0.03
159,BBS10,missense,E,0.511,0.488125,-0.767,0.04525,92.987,0.019,0.141,0.84
163,BBS10,missense,B,0.194,0.269875,-0.021,-0.64475,38.859,0.052,0.084,0.864
165,BBS12,missense,E,0.543,0.22625,0.142,0.947625,111.633,0.97,0.001,0.03
167,BBS12,missense,B,0.211,0.12025,0.371,0.704375,45.155,0.988,0,0.012
168,MKKS,missense,B,0.161,0.458,-0.63,-0.2955,29.841,0.022,0.359,0.619
170,BBS2,missense,B,0.198,0.1575,0.141,0.24325,34.538,0.831,0.044,0.125
171,BBS10,missense,E,0.334,0.17575,-0.468,0.3015,76.532,0.004,0.085,0.91
174,TTC8,missense,E,0.346,0.2745,0.863,0.6135,69.442,0.97,0.001,0.03
175,BBS9,missense,E,0.492,0.241125,0.237,-0.14625,87.835,0.172,0.69,0.138
178,MKKS,missense,E,0.755,0.297375,-0.546,-0.48075,172.895,0.97,0.001,0.03
179,BBS10,missense,B,0.037,0.238125,-1.542,0.09875,6.775,0.97,0.001,0.03
180,ARL6,missense,B,0.107,0.11125,-0.169,-0.1695,14.827,0.018,0.019,0.964
181,TTC8,missense,B,0.141,0.421875,0.953,0.948125,28.254,0.858,0.002,0.139
182,TTC8,missense,E,0.39,0.3,0.723,-0.50525,80.12,0.181,0.016,0.803
184,BBS12,missense,E,0.501,0.356125,-0.436,-0.4445,71.078,0.561,0.047,0.393
185,BBS1,missense,E,0.358,0.340875,0.481,-0.808,82.051,0.003,0.718,0.279
186,NPHS2,missense,E,0.591,0.295625,0.147,0.343,65.106,0.938,0.007,0.055
187,CD2AP,missense,E,0.506,0.53025,-1.34,-1.562375,101.171,0.053,0.043,0.903
188,NPHS1,missense,E,0.341,0.2465,1.823,0.75925,48.445,0.005,0.045,0.951
191,NPHS1,missense,B,0.198,0.376375,0.899,-0.067875,36.162,0.001,0.9,0.099
192,TYR,missense,B,0.243,0.2855,0.182,-0.159,55.533,0.056,0.142,0.802
193,SLC45A2,missense,B,0.266,0.287875,-1.223,-0.817125,20.966,0.938,0.007,0.055
195,SLC45A2,missense,B,0.18,0.1235,-1.195,-0.66375,25.938,0.923,0.002,0.076
196,OCA2,missense,E,0.294,0.262,1.215,0.23525,45.157,0.988,0,0.012
197,SLC45A2,missense,E,0.34,0.343375,-0.944,-0.5845,26.758,0.988,0,0.012
199,OCA2,missense,B,0.151,0.1575,-1.549,-1.528625,16.651,0.858,0.002,0.139
200,IL10RA,missense,E,0.279,0.293,-0.383,-0.009875,32.687,0.02,0.205,0.775
201,IL10RA,missense,E,0.523,0.478875,-1.246,-1.5325,119.813,0.018,0.019,0.964
202,NOD2,missense,E,0.64,0.273,1.247,0.57425,131.648,0.988,0,0.012
203,EDA,missense,B,0.072,0.15,-1.094,-0.4575,7.912,0.064,0.216,0.721
205,MTR,missense,B,0.161,0.184,-0.613,-0.63425,22.832,0.113,0.087,0.8
206,MYO7A,missense,B,0.059,0.185,0.532,0.47775,6.469,0.923,0.002,0.076
208,EDA,missense,E,0.648,0.43025,-0.514,-0.880125,51.013,0.005,0.015,0.979
209,WNT10A,missense,E,0.315,0.425,-1.671,-1.20575,72.204,0.018,0.047,0.935
210,EDA,missense,E,0.39,0.21675,-0.201,-0.4315,72.15,0.001,0.9,0.099
212,EDA,missense,E,0.303,0.474625,-2.473,-1.640625,69.433,0.018,0.019,0.964
213,WNT10A,missense,B,0.304,0.27475,-1.663,-0.722625,23.948,0.018,0.019,0.964
215,MYO6,missense,B,0.059,0.09975,0.297,0.351875,10.732,0.018,0.019,0.964
217,CPT2,missense,B,0.11,0.15725,0.142,-0.0845,12.88,0.018,0.019,0.964
219,FGFR1,missense,E,0.239,0.19925,1.482,-0.072875,34.99,0.002,0.816,0.182
220,GNRHR,missense,B,0.053,0.06125,0.633,0.20175,9.631,0.87,0.077,0.053
221,KAL1,missense,E,0.5,0.5175,-1.491,-0.7245,69.378,0.018,0.088,0.893
222,PROKR2,missense,B,0.132,0.275125,-0.855,-0.472875,14.601,0.058,0.017,0.925
223,FGFR1,missense,B,0.047,0.206875,0.25,0.5035,10.001,0.004,0.197,0.799
224,KISS1R,missense,B,0.2,0.339,-0.326,-0.039875,21.985,0.087,0.683,0.23
225,PROK2,missense,B,0.261,0.233375,-1.523,-0.5435,28.773,0.169,0.612,0.219
226,PROKR2,missense,B,0.078,0.247125,-0.437,-0.242625,12.019,0.97,0.001,0.03
227,FGFR1,missense,B,0.244,0.320625,-1.426,-0.53425,34.581,0.022,0.359,0.619
228,KAL1,missense,E,0.475,0.44075,-1.641,-1.417375,72.961,0.018,0.088,0.893
230,SCN5A,missense,E,0.41,0.393,-2.507,-1.715125,45.149,0.052,0.084,0.864
231,KCNQ1,missense,B,0.139,0.217125,0.059,0.1845,21.364,0.97,0.001,0.03
233,KCNJ10,missense,E,0.546,0.474,-0.196,-0.531375,125.034,0.43,0.016,0.555
234,SLC26A4,missense,B,0.119,0.3585,-1.127,-1.2475,23.803,0.052,0.084,0.864
235,KCNJ10,missense,B,0.161,0.289625,0.647,-0.01675,22.888,0.004,0.42,0.576
238,GDNF,missense,E,0.448,0.42875,0.125,-0.427,102.684,0.339,0.016,0.645
245,MFN2,missense,E,0.579,0.33275,1.792,1.232375,132.522,0.97,0.001,0.03
247,MYO7A,missense,B,0.333,0.348125,-1.853,-0.05475,26.207,0.622,0.015,0.363
248,CDH23,missense,E,0.356,0.429875,-0.204,-0.59675,81.616,0.004,0.514,0.481
250,CDH23,missense,E,0.326,0.251875,0.327,-0.337625,74.768,0.018,0.846,0.136
252,GPR98,missense,E,0.595,0.388125,-1.035,-0.513375,85.711,0.002,0.816,0.182
255,DFNB31,missense,E,0.377,0.28525,-0.665,-1.02225,44.231,0.113,0.087,0.8
256,MYO7A,missense,E,0.35,0.364125,-0.397,0.218375,49.622,0.97,0.001,0.03
258,USH2A,missense,B,0.035,0.362375,-2.939,-0.996875,4.872,0.018,0.019,0.964
266,IL17RD,missense,E,0.362,0.153125,1.308,0.771625,77.381,0.97,0.001,0.03
267,FGFR1,missense,E,0.396,0.33875,-2.525,-1.391625,31.165,0.022,0.552,0.426
268,IL17RD,missense,E,0.414,0.445625,-0.657,-0.61325,45.656,0.064,0.216,0.721
269,KISS1R,missense,E,0.307,0.2435,-0.765,-0.008125,33.798,0.003,0.718,0.279
270,DUSP6,missense,E,0.474,0.426,-1.418,-1.408875,55.6,0.064,0.216,0.721
271,FGFR1,missense,B,0.035,0.0735,0.217,0.07475,6.167,0.831,0.044,0.125
272,DUSP6,missense,E,0.366,0.36925,-0.96,-1.363,53.597,0.278,0.093,0.628
274,DUSP6,missense,E,0.4,0.388,1.504,0.758375,55.48,0.97,0.001,0.03
275,FGFR1,missense,E,0.337,0.2485,0.649,-0.296375,47.849,0.751,0.05,0.199
276,FGFR1,missense,B,0.065,0.138,-0.337,-0.08125,11.408,0.021,0.756,0.223
277,FLRT3,missense,E,0.406,0.2715,0.316,-0.726,72.422,0.085,0.775,0.14
279,ITGA7,missense,E,0.402,0.30575,-0.52,-0.887625,70.142,0.001,0.9,0.099
281,HNF4A,missense,E,0.49,0.45275,-0.016,-0.431625,112.233,0.018,0.088,0.893
283,NPHS2,missense,E,0.238,0.3595,1.681,0.573125,54.456,0.97,0.001,0.03
284,NPHS1,missense,E,0.335,0.467875,-0.763,-1.207875,48.985,0.018,0.047,0.935
286,EDA,missense,E,0.289,0.47525,-2.068,-1.59925,66.273,0.018,0.019,0.964
287,USH2A,missense,E,0.301,0.399375,0.616,-0.034875,41.735,0.02,0.205,0.775
289,MKKS,missense,B,0.271,0.415625,-1.108,-0.972375,38.006,0.455,0.046,0.498
290,BBS2,missense,B,0.208,0.206,1.343,-0.199375,47.701,0.003,0.718,0.279
293,KAL1,missense,B,0.025,0.220875,0.944,0.37625,3.766,0.003,0.718,0.279
295,LMNA,missense,E,0.437,0.411875,1.6,1.22125,100.096,0.97,0.001,0.03
296,PRF1,missense,B,0.093,0.22825,-1.347,-0.7135,10.194,0.018,0.019,0.964
298,PRF1,missense,B,0.247,0.267875,-1.114,-0.127875,27.208,0.022,0.552,0.426
300,PRF1,missense,B,0.176,0.336,0.851,0.699375,20.592,0.97,0.001,0.03
301,UNC13D,missense,E,0.375,0.2795,1.089,0.44325,85.898,0.97,0.001,0.03
302,UNC13D,missense,E,0.508,0.45575,0.029,-0.323375,70.404,0.018,0.047,0.935
303,UNC13D,missense,E,0.43,0.51975,-1.056,-0.6845,50.431,0.019,0.141,0.84
304,UNC13D,missense,B,0.068,0.333875,0.14,0.39975,7.527,0.97,0.001,0.03
305,PRF1,missense,E,0.481,0.43675,-0.865,-0.94975,110.057,0.022,0.359,0.619
306,UNC13D,missense,E,0.463,0.287625,-0.196,0.082375,66.776,0.717,0.014,0.269
307,UNC13D,missense,B,0.152,0.2545,0.764,-0.109875,28.157,0.018,0.047,0.935
308,PRF1,missense,E,0.442,0.36475,0.585,-0.276375,101.104,0.003,0.003,0.994
309,UNC13D,missense,E,0.558,0.49075,-0.872,0.102625,61.492,0.802,0.014,0.185
310,UNC13D,missense,E,0.342,0.397625,0.356,0.02175,78.249,0.018,0.019,0.964
312,UNC13D,missense,E,0.381,0.20275,1.311,0.38725,87.249,0.879,0.01,0.111
313,PRF1,missense,E,0.329,0.319875,-2.253,-0.982875,25.853,0.023,0.655,0.322
314,UNC13D,missense,B,0.233,0.321375,0.342,-0.382625,49.835,0.561,0.047,0.393
315,STXBP2,missense,E,0.291,0.267625,1.556,0.791625,40.417,0.923,0.002,0.076
316,PRF1,missense,B,0.124,0.20075,0.681,0.249,26.563,0.97,0.001,0.03
317,STXBP2,missense,E,0.583,0.462375,-1.312,-0.81575,133.484,0.268,0.043,0.689
318,STXBP2,missense,B,0.254,0.32875,-0.459,0.020125,39.101,0.97,0.001,0.03
320,STXBP2,missense,E,0.356,0.313875,1.896,1.36925,49.308,0.97,0.001,0.03
323,STXBP2,missense,B,0.091,0.133625,0.356,-0.48725,12.842,0.022,0.552,0.426
324,UNC13D,missense,B,0.024,0.268,1.265,0.85775,4.366,0.97,0.001,0.03
325,STX11,missense,E,0.525,0.44425,-0.851,-0.292125,72.873,0.97,0.001,0.03
326,STXBP2,missense,B,0.165,0.251,0.741,-0.4455,37.785,0.058,0.017,0.925
327,STX11,missense,E,0.424,0.465125,-1.448,-0.341125,61.156,0.005,0.015,0.979
328,RAB27A,missense,B,0.055,0.103375,1.005,0.861875,11.018,0.002,0.816,0.182
329,PROKR2,missense,B,0.201,0.240625,0.036,-0.31275,46.098,0.701,0.107,0.192
330,FGFR1,missense,B,0.017,0.076,0.822,0.342875,1.829,0.97,0.001,0.03
331,PROKR2,missense,E,0.529,0.38725,0.246,0.1315,121.095,0.717,0.014,0.269
332,PROKR2,missense,B,0.07,0.050625,-0.532,0.135125,10.744,0.782,0.003,0.216
333,GNRHR,missense,E,0.505,0.2945,1.053,0.294875,115.599,0.988,0,0.012
334,POLG,missense,E,0.648,0.276125,0.378,0.327625,113.153,0.717,0.014,0.269
335,C10orf2,missense,B,0.195,0.401625,-1.515,-1.157375,35.723,0.605,0.105,0.29
338,DSP,missense,B,0.205,0.449375,0.511,0.786875,36.649,0.97,0.001,0.03
340,MYH7,missense,E,0.559,0.431125,1.888,1.319875,81.867,0.97,0.001,0.03
341,NEXN,missense,E,0.494,0.464875,0.818,0.92375,71.171,0.97,0.001,0.03
342,MYH7,missense,E,0.589,0.4205,0.768,0.61175,105.249,0.97,0.001,0.03
344,DSP,missense,E,0.272,0.245625,-0.367,-0.41125,37.713,0.184,0.043,0.773
345,JUP,missense,E,0.258,0.189125,-0.01,-0.4995,59.059,0.97,0.001,0.03
347,JUP,missense,E,0.526,0.329875,-0.708,-0.609375,120.408,0.97,0.001,0.03
350,BMPR2,missense,B,0.243,0.337375,0.361,0.000875,55.716,0.321,0.003,0.675
353,PDX1,missense,E,0.407,0.325125,-2.171,-2.661625,71.068,0.018,0.019,0.964
354,NEUROD1,missense,E,0.342,0.3015,-1.09,-1.683625,62.155,0.018,0.019,0.964
358,PROK2,missense,E,0.441,0.310875,-0.232,-1.006125,100.874,0.058,0.017,0.925
359,GNRHR,missense,B,0.084,0.097,1.205,-0.18075,14.64,0.97,0.001,0.03
360,ABCC9,missense,B,0.038,0.317875,0.274,1.411375,7.624,0.97,0.001,0.03
363,NEXN,missense,E,0.551,0.459875,0.776,0.769375,96.33,0.923,0.002,0.076
366,ATP2B3,missense,E,0.39,0.215125,1.309,0.134625,89.31,0.064,0.216,0.721
367,LAMA1,missense,B,0.079,0.34675,0.24,0.76125,10.93,0.97,0.001,0.03
368,LAMA1,missense,E,0.504,0.401375,-0.428,-0.69375,115.439,0.011,0.918,0.071
369,DSP,missense,E,0.459,0.4435,1.099,0.679,50.527,0.97,0.001,0.03
370,PRPH2,missense,E,0.338,0.4305,-1.2,-1.450875,61.796,0.354,0.048,0.598
373,C10orf2,missense,B,0.2,0.252375,0.124,-0.1805,45.686,0.069,0.386,0.545
