"ID"	"Gene_name"	"Variant_effect"	"Class_assignment"	"RSA"	"RSA_envt"	"Z_score"	"Z_score_envt"	"ASA"	"Proba_a_helix"	"Proba_B_strand"	"Proba_Coil"
1	"KCNQ1"	"missense"	"B"	0.235	0.219875	-1.239	0.06475	41.089	0.97	0.001	0.03
4	"GJB3"	"missense"	"E"	0.598	0.3165	0.073	0.040375	70.121	0.021	0.279	0.699
5	"GJB3"	"missense"	"B"	0.201	0.163	-0.004	0.093875	27.934	0.97	0.001	0.03
7	"SLC26A4"	"missense"	"E"	0.419	0.41025	1.016	0.15175	74.833	0.43	0.016	0.555
8	"FOXI1"	"missense"	"E"	0.352	0.2695	-2.36	-2.68525	61.512	0.018	0.019	0.964
9	"CDH23"	"missense"	"B"	0.065	0.209125	0.379	-0.069	7.665	0.001	0.959	0.04
10	"ATP2B2"	"missense"	"B"	0.021	0.205	1.238	0.709125	4.202	0.97	0.001	0.03
14	"CDH23"	"missense"	"E"	0.291	0.167	1.027	0.338	69.889	0.879	0.01	0.111
15	"CDH23"	"missense"	"E"	0.404	0.32275	-0.791	-0.919375	44.565	0.004	0.42	0.576
17	"DYNC2H1"	"missense"	"E"	0.633	0.367375	0.249	0.259875	91.23	0.502	0.002	0.495
18	"NPHS2"	"missense"	"B"	0.14	0.160875	0.672	0.261875	24.986	0.001	0.959	0.04
20	"PROKR2"	"missense"	"B"	0.09	0.15675	0.904	0.56225	20.633	0.95	0.028	0.022
21	"KAL1"	"missense"	"E"	0.303	0.428125	-1.223	-1.1485	55.461	0.022	0.552	0.426
22	"FGFR1"	"missense"	"E"	0.215	0.179125	1.706	0.04875	25.186	0.001	0.9	0.099
24	"FGFR1"	"missense"	"E"	0.429	0.34975	-0.48	-0.434	78.641	0.113	0.087	0.8
25	"GNRHR"	"missense"	"E"	0.419	0.188875	0.251	-0.136	96.02	0.018	0.047	0.935
26	"GNRHR"	"missense"	"E"	0.346	0.3025	0.034	0.093875	61.849	0.858	0.002	0.139
27	"KAL1"	"missense"	"E"	0.313	0.412625	-1.594	-1.386625	64.446	0.005	0.262	0.733
28	"NSMF"	"missense"	"E"	0.315	0.355	-1.355	-0.86575	43.732	0.802	0.014	0.185
33	"TJP2"	"missense"	"B"	0.023	0.122	0.934	-0.425875	2.568	0.001	0.959	0.04
35	"OTUD4"	"missense"	"E"	0.411	0.423375	-1.285	-1.9385	63.186	0.018	0.019	0.964
36	"RNF216"	"missense"	"E"	0.379	0.230125	1.182	0.21075	53.198	0.021	0.756	0.223
37	"EDNRB"	"missense"	"E"	0.531	0.481875	-0.28	-0.424625	77.724	0.181	0.016	0.803
39	"PARK7"	"missense"	"E"	0.558	0.328375	0.864	-0.109625	65.433	0.005	0.045	0.951
40	"PINK1"	"missense"	"E"	0.459	0.45725	-1	-1.10725	83.97	0.052	0.084	0.864
43	"CYP1B1"	"missense"	"E"	0.299	0.40275	0.407	0.34075	54.37	0.005	0.015	0.979
44	"MYOC"	"missense"	"B"	0.244	0.316625	-0.324	0.03725	37.426	0.004	0.197	0.799
45	"MYOC"	"missense"	"B"	0.24	0.26525	0.709	-0.0855	43.583	0.001	0.9	0.099
47	"TYR"	"missense"	"E"	0.59	0.29525	0.163	-0.014	105.463	0.858	0.002	0.139
48	"OCA2"	"missense"	"B"	0.298	0.1835	-0.285	-0.648375	55.148	0.782	0.003	0.216
50	"OCA2"	"missense"	"E"	0.481	0.39425	-0.803	-1.004	110.126	0.43	0.016	0.555
54	"FGG"	"missense"	"B"	0.073	0.23625	-1.531	-0.252875	16.671	0.004	0.42	0.576
55	"FGA"	"missense"	"E"	0.389	0.33875	-0.681	-1.413375	54.588	0.018	0.088	0.893
56	"SLC3A1"	"missense"	"B"	0.039	0.060875	-0.358	0.232125	5.354	0.97	0.001	0.03
57	"SLC7A9"	"missense"	"B"	0.205	0.212125	-0.465	-0.017875	28.726	0.923	0.002	0.076
58	"SLC7A9"	"missense"	"E"	0.357	0.284	-1.058	-0.22875	81.73	0.246	0.004	0.75
59	"SLC3A1"	"missense"	"B"	0.078	0.129	-0.443	-0.26175	15.588	0.018	0.088	0.893
61	"FZD4"	"missense"	"B"	0.273	0.285625	0.261	0.1895	48.811	0.802	0.014	0.185
62	"LRP5"	"missense"	"E"	0.325	0.29075	0.21	-0.316375	45.644	0.002	0.816	0.182
63	"HAMP"	"missense"	"B"	0.181	0.15525	-2.05	-0.1265	26.154	0.021	0.279	0.699
66	"LMNA"	"missense"	"E"	0.494	0.4245	1.348	1.078625	68.504	0.97	0.001	0.03
67	"GDAP1"	"missense"	"B"	0.074	0.14425	0.758	0.76	17.773	0.97	0.001	0.03
69	"CPOX"	"missense"	"B"	0.057	0.048	-1.909	-0.911	12.961	0.02	0.205	0.775
70	"ALAD"	"missense"	"B"	0.074	0.32275	-0.661	-0.26875	13.513	0.717	0.014	0.269
71	"POLG"	"missense"	"B"	0.101	0.09825	-1.418	-0.60325	11.837	0.118	0.15	0.732
72	"SCN1A"	"missense"	"B"	0.1	0.141375	-0.982	-0.046	15.447	0.97	0.001	0.03
73	"SCN2A"	"missense"	"E"	0.487	0.4825	-1.932	-1.388	86.907	0.113	0.087	0.8
75	"GGCX"	"missense"	"E"	0.234	0.22775	0.23	0.16325	46.863	0.97	0.001	0.03
76	"PITX2"	"missense"	"B"	0.091	0.168875	-0.881	-1.18525	16.607	0.113	0.043	0.844
78	"KRT14"	"missense"	"E"	0.366	0.366125	1.301	1.211375	66.648	0.97	0.001	0.03
79	"KRT5"	"missense"	"E"	0.447	0.4025	-0.225	0.50975	61.985	0.97	0.001	0.03
80	"F5"	"missense"	"E"	0.59	0.456125	-0.414	-0.555625	105.392	0.058	0.017	0.925
84	"HFE"	"missense"	"B"	0.02	0.229625	0.949	0.5235	4.381	0.001	0.959	0.04
86	"KCNQ1"	"missense"	"B"	0.226	0.21725	-1.218	0.067875	34.752	0.97	0.001	0.03
87	"KCNE1"	"missense"	"E"	0.622	0.586625	-2.14	-0.866125	86.271	0.018	0.019	0.964
88	"KCNQ1"	"missense"	"B"	0.213	0.141125	0.582	0.68275	48.8	0.988	0	0.012
89	"KCNE1"	"missense"	"E"	0.389	0.313875	-0.48	0.151125	56.935	0.561	0.047	0.393
90	"KCNQ1"	"missense"	"B"	0.057	0.121875	-2.438	-1.055375	10.471	0.339	0.016	0.645
91	"KCNQ1"	"missense"	"B"	0.175	0.2675	0.119	-0.083125	31.255	0.751	0.05	0.199
92	"KCNH2"	"missense"	"E"	0.345	0.435	-0.787	-0.613375	82.876	0.782	0.003	0.216
93	"KCNE1"	"missense"	"E"	0.611	0.440375	-0.714	-0.684625	111.801	0.018	0.019	0.964
94	"KCNH2"	"missense"	"B"	0.102	0.11125	0.764	0.37625	15.739	0.97	0.001	0.03
95	"KCNH2"	"missense"	"B"	0.268	0.356625	-0.044	-0.277125	49.543	0.858	0.002	0.139
97	"KCNH2"	"missense"	"B"	0.156	0.163	0.345	-0.231875	28.564	0.988	0	0.012
98	"KCNH2"	"missense"	"E"	0.277	0.180875	0.858	0.1295	40.524	0.97	0.001	0.03
99	"KCNH2"	"missense"	"E"	0.433	0.415875	-1.124	-1.067375	60.835	0.502	0.102	0.396
100	"SCN5A"	"missense"	"E"	0.309	0.226875	0.704	-0.091125	56.262	0.97	0.001	0.03
101	"KCNE1"	"missense"	"E"	0.558	0.40425	-0.635	-0.99425	101.555	0.522	0.016	0.462
102	"SCN5A"	"missense"	"B"	0.179	0.142375	-0.039	-0.4185	31.88	0.911	0.033	0.057
105	"KCNQ1"	"missense"	"E"	0.415	0.20525	0.23	-0.335875	58.846	0.923	0.002	0.076
106	"KCNH2"	"missense"	"E"	0.329	0.51075	-0.684	-1.0315	46.164	0.455	0.046	0.498
107	"SCN5A"	"missense"	"E"	0.492	0.28075	0.782	0.357375	71.985	0.923	0.002	0.076
108	"KCNH2"	"missense"	"E"	0.295	0.293	0.683	0.008375	23.201	0.004	0.616	0.381
109	"KCNE2"	"missense"	"B"	0.15	0.148125	-0.213	-0.0735	27.483	0.923	0.002	0.076
110	"CAV3"	"missense"	"B"	0.13	0.137125	0.117	0.463875	25.933	0.97	0.001	0.03
111	"KCNH2"	"missense"	"E"	0.318	0.404375	-0.213	-0.35425	48.923	0.923	0.002	0.076
112	"BBS2"	"missense"	"E"	0.437	0.3575	-0.589	-0.068625	51.17	0.455	0.046	0.498
113	"MKKS"	"missense"	"B"	0.174	0.2805	-0.712	-0.449375	24.359	0.113	0.043	0.844
115	"MKKS"	"missense"	"B"	0.205	0.23025	0.758	-0.059375	23.979	0.172	0.69	0.138
118	"BBS4"	"missense"	"B"	0.021	0.300375	0.891	1.439	3.704	0.97	0.001	0.03
119	"BBS2"	"missense"	"B"	0.054	0.229375	-0.623	0.417125	10.064	0.004	0.616	0.381
120	"BBS1"	"missense"	"E"	0.594	0.1725	0.093	0.3375	122.268	0.115	0.016	0.868
121	"BBS7"	"missense"	"B"	0.066	0.165375	-0.462	-0.1235	12.192	0.002	0.816	0.182
123	"BBS1"	"missense"	"B"	0.045	0.12875	0.073	-0.17525	10.351	0.006	0.962	0.032
124	"MKKS"	"missense"	"E"	0.307	0.427625	-0.262	0.026375	43.62	0.354	0.048	0.598
126	"MKKS"	"missense"	"B"	0.053	0.240375	0.174	0.873875	7.563	0.97	0.001	0.03
127	"BBS2"	"missense"	"B"	0.139	0.28175	0.105	0.6105	33.478	0.97	0.001	0.03
128	"BBS4"	"missense"	"B"	0.218	0.39675	-0.018	0.177	33.553	0.406	0.004	0.59
130	"BBS4"	"missense"	"E"	0.458	0.374	1.014	0.323625	83.933	0.782	0.003	0.216
131	"BBS2"	"missense"	"B"	0.179	0.240375	0.815	0.5855	32.542	0.97	0.001	0.03
132	"BBS4"	"missense"	"E"	0.607	0.392125	-0.2	1.140875	138.98	0.109	0.005	0.886
136	"BBS7"	"missense"	"E"	0.546	0.36475	-1.94	-1.036	125.034	0.018	0.019	0.964
140	"BBS2"	"missense"	"B"	0.137	0.272875	-0.131	0.042875	15.13	0.001	0.9	0.099
141	"BBS2"	"missense"	"E"	0.344	0.2325	0.794	-0.432625	48.785	0.751	0.05	0.199
143	"CEP290"	"missense"	"E"	0.583	0.46125	1.345	0.823	81.867	0.97	0.001	0.03
144	"BBS10"	"missense"	"B"	0.121	0.102	-0.193	0.3945	29.028	0.97	0.001	0.03
146	"BBS5"	"missense"	"B"	0.11	0.0565	-0.443	0.41425	12.869	0.004	0.514	0.481
149	"BBS10"	"missense"	"B"	0.048	0.218875	-0.059	0.3465	6.882	0.911	0.033	0.057
151	"BBS12"	"missense"	"B"	0.021	0.23325	0.474	1.26675	2.438	0.97	0.001	0.03
152	"BBS12"	"missense"	"E"	0.537	0.3985	-0.135	0.167875	97.717	0.717	0.014	0.269
153	"BBS10"	"missense"	"B"	0.035	0.199375	0.527	0.932375	6.322	0.988	0	0.012
155	"BBS4"	"missense"	"B"	0.106	0.3115	0.641	0.135375	21.845	0.97	0.001	0.03
157	"BBS10"	"missense"	"E"	0.569	0.283625	1.41	1.233	78.99	0.988	0	0.012
159	"BBS10"	"missense"	"E"	0.528	0.48775	-0.622	0.016	121.027	0.184	0.043	0.773
163	"BBS10"	"missense"	"B"	0.211	0.28325	-0.025	-0.728375	39.109	0.125	0.227	0.648
165	"BBS12"	"missense"	"E"	0.547	0.227625	0.232	0.976625	125.309	0.003	0.003	0.994
167	"BBS12"	"missense"	"B"	0.207	0.1245	0.436	0.675875	29.007	0.988	0	0.012
168	"MKKS"	"missense"	"B"	0.141	0.450625	-0.857	-0.290625	21.641	0.113	0.043	0.844
170	"BBS2"	"missense"	"B"	0.241	0.156125	-0.017	0.16675	49.615	0.831	0.044	0.125
171	"BBS10"	"missense"	"B"	0.257	0.162375	-0.742	0.2555	61.833	0.022	0.359	0.619
174	"TTC8"	"missense"	"E"	0.349	0.28325	0.814	0.64125	63.884	0.938	0.007	0.055
175	"BBS9"	"missense"	"E"	0.5	0.2405	0.267	-0.128125	90.877	0.064	0.216	0.721
178	"MKKS"	"missense"	"E"	0.641	0.254	-1.14	-0.61775	116.562	0.005	0.015	0.979
179	"BBS10"	"missense"	"B"	0.04	0.225375	-1.101	0.191375	7.419	0.97	0.001	0.03
180	"ARL6"	"missense"	"B"	0.131	0.123	-0.211	-0.02875	26.213	0.831	0.044	0.125
181	"TTC8"	"missense"	"B"	0.141	0.417625	1.142	1.00775	26.122	0.858	0.002	0.139
182	"TTC8"	"missense"	"E"	0.406	0.30675	0.455	-0.546375	92.882	0.694	0.003	0.303
184	"BBS12"	"missense"	"E"	0.304	0.347375	0.624	0.33925	55.571	0.802	0.014	0.185
185	"BBS1"	"missense"	"E"	0.344	0.351125	0.604	-0.800625	62.61	0.113	0.087	0.8
186	"NPHS2"	"missense"	"E"	0.591	0.300875	0.137	0.417375	81.958	0.406	0.004	0.59
187	"CD2AP"	"missense"	"E"	0.503	0.542875	-0.774	-1.22725	93.092	0.018	0.019	0.964
188	"NPHS1"	"missense"	"E"	0.317	0.24025	1.833	0.85075	72.524	0.001	0.9	0.099
191	"NPHS1"	"missense"	"B"	0.199	0.379375	0.93	-0.01175	30.571	0.002	0.816	0.182
192	"TYR"	"missense"	"B"	0.261	0.2915	0.042	-0.190875	46.65	0.354	0.048	0.598
193	"SLC45A2"	"missense"	"E"	0.314	0.286875	-1.345	-0.5425	71.86	0.113	0.087	0.8
195	"SLC45A2"	"missense"	"B"	0.167	0.12075	-1.362	-0.7155	30.395	0.782	0.003	0.216
196	"OCA2"	"missense"	"E"	0.295	0.28375	1.32	-0.08225	53.96	0.923	0.002	0.076
197	"SLC45A2"	"missense"	"E"	0.363	0.34325	-0.678	-0.604375	52.308	0.97	0.001	0.03
199	"OCA2"	"missense"	"B"	0.138	0.181375	-1.398	-1.573875	19.071	0.257	0.016	0.727
200	"IL10RA"	"missense"	"E"	0.291	0.28425	-0.774	-0.064125	22.941	0.011	0.918	0.071
201	"IL10RA"	"missense"	"E"	0.482	0.481375	-1.773	-1.77525	37.941	0.053	0.043	0.903
202	"NOD2"	"missense"	"E"	0.644	0.270875	0.979	0.583375	112.507	0.502	0.002	0.495
203	"EDA"	"missense"	"B"	0.093	0.1565	-0.784	-0.489	12.83	0.004	0.616	0.381
205	"MTR"	"missense"	"B"	0.155	0.177625	-0.354	-0.63025	28.472	0.019	0.141	0.84
206	"MYO7A"	"missense"	"B"	0.052	0.22125	0.146	0.474625	6.141	0.97	0.001	0.03
208	"EDA"	"missense"	"E"	0.624	0.43075	-0.923	-1.240375	142.873	0.018	0.019	0.964
209	"WNT10A"	"missense"	"E"	0.326	0.457625	-1.517	-1.205625	45.827	0.354	0.048	0.598
210	"EDA"	"missense"	"E"	0.364	0.177	-0.389	-0.159375	72.896	0.115	0.016	0.868
212	"EDA"	"missense"	"B"	0.283	0.476875	-2.505	-1.585375	39.775	0.005	0.015	0.979
213	"WNT10A"	"missense"	"E"	0.424	0.301	-1.547	-0.6865	49.658	0.004	0.138	0.858
215	"MYO6"	"missense"	"B"	0.048	0.106	0.317	0.33775	10.9	0.273	0.587	0.14
217	"CPT2"	"missense"	"B"	0.15	0.197	-0.245	-0.199375	27.447	0.278	0.093	0.628
219	"FGFR1"	"missense"	"E"	0.25	0.224875	1.51	-0.053625	29.323	0.001	0.959	0.04
220	"GNRHR"	"missense"	"B"	0.055	0.064125	0.67	0.212875	8.453	0.97	0.001	0.03
221	"KAL1"	"missense"	"E"	0.537	0.528375	-0.912	-0.809375	59.122	0.018	0.088	0.893
222	"PROKR2"	"missense"	"B"	0.139	0.2885	-0.477	-0.427625	19.293	0.923	0.002	0.076
223	"FGFR1"	"missense"	"B"	0.048	0.221875	1.008	0.785125	6.96	0.001	0.959	0.04
224	"KISS1R"	"missense"	"B"	0.218	0.3565	-0.125	-0.153	30.209	0.003	0.718	0.279
225	"PROK2"	"missense"	"B"	0.285	0.236125	-1.411	-0.55575	40.427	0.018	0.047	0.935
226	"PROKR2"	"missense"	"B"	0.076	0.238375	-0.393	-0.195875	15.128	0.923	0.002	0.076
227	"FGFR1"	"missense"	"B"	0.233	0.31725	-1.265	-0.851	53.426	0.021	0.279	0.699
228	"KAL1"	"missense"	"E"	0.54	0.438625	-2.016	-1.43025	99.826	0.018	0.047	0.935
230	"SCN5A"	"missense"	"E"	0.48	0.472125	-2.077	-1.5415	69.197	0.191	0.086	0.723
231	"KCNQ1"	"missense"	"B"	0.155	0.2275	-0.14	0.1085	30.915	0.97	0.001	0.03
233	"KCNJ10"	"missense"	"E"	0.514	0.462875	-1.001	-0.65625	72.138	0.43	0.016	0.555
234	"SLC26A4"	"missense"	"B"	0.139	0.368125	-0.75	-1.24875	25.433	0.053	0.005	0.942
235	"KCNJ10"	"missense"	"B"	0.165	0.290875	0.6	-0.019625	30.032	0.004	0.616	0.381
238	"GDNF"	"missense"	"E"	0.465	0.491875	-0.35	-0.647125	111.857	0.191	0.086	0.723
245	"MFN2"	"missense"	"E"	0.586	0.3285	1.889	1.18075	106.612	0.97	0.001	0.03
247	"MYO7A"	"missense"	"E"	0.381	0.351	-1.901	-0.17075	54.974	0.018	0.019	0.964
248	"CDH23"	"missense"	"E"	0.339	0.45175	-0.278	-0.508875	81.505	0.052	0.084	0.864
250	"CDH23"	"missense"	"B"	0.221	0.272375	0.335	-0.108875	53.247	0.002	0.816	0.182
252	"GPR98"	"missense"	"E"	0.604	0.387	-1.352	-0.606375	129.032	0.005	0.045	0.951
255	"DFNB31"	"missense"	"E"	0.35	0.296	-0.705	-1.484625	80.081	0.064	0.216	0.721
256	"MYO7A"	"missense"	"B"	0.175	0.3505	-0.108	0.428125	32.079	0.246	0.004	0.75
258	"USH2A"	"missense"	"B"	0.118	0.369875	-2.738	-0.745125	27.045	0.005	0.262	0.733
266	"IL17RD"	"missense"	"E"	0.348	0.152375	1.265	0.778875	48.901	0.988	0	0.012
267	"FGFR1"	"missense"	"E"	0.419	0.34725	-2.426	-1.319875	95.882	0.018	0.088	0.893
268	"IL17RD"	"missense"	"E"	0.405	0.439625	-0.52	-0.600125	62.279	0.023	0.655	0.322
269	"KISS1R"	"missense"	"B"	0.293	0.239125	-0.934	-0.175	42.192	0.004	0.42	0.576
270	"DUSP6"	"missense"	"E"	0.396	0.3995	-1.314	-1.389875	79.477	0.278	0.093	0.628
271	"FGFR1"	"missense"	"B"	0.044	0.08625	0.021	0.189	3.431	0.97	0.001	0.03
272	"DUSP6"	"missense"	"E"	0.373	0.379125	-1.599	-1.582625	43.704	0.199	0.152	0.649
274	"DUSP6"	"missense"	"E"	0.371	0.3795	1.306	0.590125	74.157	0.97	0.001	0.03
275	"FGFR1"	"missense"	"E"	0.323	0.265125	0.794	-0.2905	44.786	0.578	0.229	0.194
276	"FGFR1"	"missense"	"B"	0.062	0.140125	-0.184	-0.130625	12.795	0.802	0.014	0.185
277	"FLRT3"	"missense"	"E"	0.396	0.274125	0.37	-0.79225	81.539	0.021	0.279	0.699
279	"ITGA7"	"missense"	"E"	0.399	0.283375	-0.898	-1.04925	82.013	0.023	0.655	0.322
281	"HNF4A"	"missense"	"E"	0.46	0.463375	-0.032	-0.421625	110.702	0.064	0.216	0.721
283	"NPHS2"	"missense"	"B"	0.235	0.35875	1.755	0.55275	41.917	0.058	0.017	0.925
284	"NPHS1"	"missense"	"E"	0.271	0.48425	-0.851	-1.226	50.153	0.002	0.816	0.182
286	"EDA"	"missense"	"B"	0.222	0.480125	-2.526	-1.244	31.239	0.005	0.015	0.979
287	"USH2A"	"missense"	"B"	0.232	0.399625	0.42	-0.070375	42.846	0.021	0.756	0.223
289	"MKKS"	"missense"	"E"	0.351	0.42275	-1.342	-1.22475	41.184	0.113	0.087	0.8
290	"BBS2"	"missense"	"B"	0.208	0.205875	1.344	-0.1955	37.185	0.018	0.846	0.136
293	"KAL1"	"missense"	"B"	0.026	0.221625	0.939	0.49275	4.669	0.001	0.959	0.04
295	"LMNA"	"missense"	"E"	0.433	0.407875	1.538	1.144375	60.765	0.97	0.001	0.03
296	"PRF1"	"missense"	"B"	0.133	0.22875	-0.855	-0.509875	20.396	0.004	0.197	0.799
298	"PRF1"	"missense"	"B"	0.261	0.2825	-1.192	-0.373875	40.162	0.125	0.227	0.648
300	"PRF1"	"missense"	"B"	0.182	0.342	0.58	0.732375	33.379	0.858	0.002	0.139
301	"UNC13D"	"missense"	"E"	0.359	0.2745	1.11	0.1655	64.117	0.97	0.001	0.03
302	"UNC13D"	"missense"	"E"	0.39	0.484	0.374	-0.4495	78.079	0.064	0.216	0.721
303	"UNC13D"	"missense"	"E"	0.494	0.501	-1.274	-1.3695	90.488	0.056	0.142	0.802
304	"UNC13D"	"missense"	"B"	0.05	0.315	0.101	0.343875	7.731	0.97	0.001	0.03
305	"PRF1"	"missense"	"E"	0.454	0.3835	-0.829	-0.93775	81.067	0.021	0.279	0.699
306	"UNC13D"	"missense"	"E"	0.423	0.271	-0.349	-0.00625	61.898	0.782	0.003	0.216
307	"UNC13D"	"missense"	"B"	0.167	0.25725	0.463	-0.171875	25.683	0.011	0.918	0.071
308	"PRF1"	"missense"	"B"	0.14	0.315625	-0.42	-0.5005	19.642	0.779	0.1	0.12
309	"UNC13D"	"missense"	"E"	0.411	0.465125	-0.762	-0.0435	58.307	0.43	0.016	0.555
310	"UNC13D"	"missense"	"E"	0.348	0.39375	0.373	0.15275	83.814	0.003	0.718	0.279
312	"UNC13D"	"missense"	"E"	0.308	0.208375	1.285	0.32575	74.098	0.97	0.001	0.03
313	"PRF1"	"missense"	"E"	0.345	0.320875	-1.844	-1.205	40.457	0.021	0.451	0.528
314	"UNC13D"	"missense"	"B"	0.16	0.3425	0.714	-0.460375	22.492	0.352	0.332	0.316
315	"STXBP2"	"missense"	"E"	0.301	0.241125	1.418	0.69925	60.29	0.97	0.001	0.03
316	"PRF1"	"missense"	"B"	0.145	0.20775	0.622	0.29825	21.257	0.522	0.016	0.462
317	"STXBP2"	"missense"	"E"	0.516	0.462875	-1.196	-0.720375	73.249	0.053	0.043	0.903
318	"STXBP2"	"missense"	"E"	0.285	0.337	-0.184	0.146875	56.948	0.923	0.002	0.076
320	"STXBP2"	"missense"	"E"	0.356	0.312125	1.882	1.365	71.236	0.97	0.001	0.03
323	"STXBP2"	"missense"	"B"	0.095	0.135625	0.179	-0.377625	11.146	0.056	0.142	0.802
324	"UNC13D"	"missense"	"B"	0.032	0.28125	0.239	0.55975	4.397	0.97	0.001	0.03
325	"STX11"	"missense"	"E"	0.538	0.441375	-0.844	-0.2845	107.574	0.321	0.003	0.675
326	"STXBP2"	"missense"	"B"	0.167	0.25075	0.803	-0.37575	23.503	0.001	0.959	0.04
327	"STX11"	"missense"	"E"	0.436	0.41275	-1.364	0.1625	76.187	0.339	0.016	0.645
328	"RAB27A"	"missense"	"B"	0.054	0.103625	1.108	0.8945	8.269	0.001	0.959	0.04
329	"PROKR2"	"missense"	"B"	0.194	0.241125	-0.064	-0.43575	35.613	0.115	0.016	0.868
330	"FGFR1"	"missense"	"B"	0.017	0.077125	0.735	0.35375	2.316	0.988	0	0.012
331	"PROKR2"	"missense"	"E"	0.481	0.38875	0.059	0.038125	67.504	0.858	0.002	0.139
332	"PROKR2"	"missense"	"B"	0.071	0.05125	-0.644	0.186	14.207	0.975	0.003	0.022
333	"GNRHR"	"missense"	"E"	0.528	0.301625	1.026	0.286625	94.283	0.923	0.002	0.076
334	"POLG"	"missense"	"E"	0.623	0.278	0.299	0.34875	49.054	0.43	0.016	0.555
335	"C10orf2"	"missense"	"E"	0.378	0.412625	-0.993	-1.155	53.667	0.66	0.049	0.291
338	"DSP"	"missense"	"B"	0.16	0.42275	0.633	0.852625	29.14	0.97	0.001	0.03
340	"MYH7"	"missense"	"E"	0.555	0.438625	1.705	1.2765	102.73	0.97	0.001	0.03
341	"NEXN"	"missense"	"E"	0.513	0.4735	0.757	0.96325	40.357	0.97	0.001	0.03
342	"MYH7"	"missense"	"E"	0.644	0.43025	1.433	0.995	147.384	0.97	0.001	0.03
344	"DSP"	"missense"	"E"	0.256	0.238375	-0.416	-0.307	47.304	0.717	0.014	0.269
345	"JUP"	"missense"	"B"	0.239	0.205125	-0.179	-0.704	43.383	0.858	0.002	0.139
347	"JUP"	"missense"	"E"	0.519	0.354625	-0.934	-0.8435	72.896	0.246	0.004	0.75
350	"BMPR2"	"missense"	"B"	0.238	0.3305	0.357	-0.0375	57.287	0.016	0.005	0.979
353	"PDX1"	"missense"	"E"	0.386	0.345875	-2.414	-2.527	79.482	0.018	0.019	0.964
354	"NEUROD1"	"missense"	"E"	0.298	0.2565	-1.41	-1.809875	53.187	0.018	0.019	0.964
358	"PROK2"	"missense"	"E"	0.396	0.287875	-0.273	-0.85875	95.19	0.074	0.484	0.442
359	"GNRHR"	"missense"	"B"	0.084	0.097875	1.216	-0.195	17.341	0.97	0.001	0.03
360	"ABCC9"	"missense"	"B"	0.038	0.314625	0.202	1.422125	6.938	0.988	0	0.012
363	"NEXN"	"missense"	"E"	0.531	0.466	0.634	0.713625	58.538	0.97	0.001	0.03
366	"ATP2B3"	"missense"	"E"	0.356	0.205375	0.846	-0.054375	64.775	0.021	0.451	0.528
367	"LAMA1"	"missense"	"B"	0.102	0.3675	0.328	0.747875	20.43	0.97	0.001	0.03
368	"LAMA1"	"missense"	"E"	0.513	0.4015	-0.216	-0.662375	72.011	0.005	0.262	0.733
369	"DSP"	"missense"	"E"	0.416	0.47975	0.409	0.3525	64.016	0.923	0.002	0.076
370	"PRPH2"	"missense"	"E"	0.424	0.4685	-1.742	-1.4695	60.095	0.058	0.017	0.925
373	"C10orf2"	"missense"	"B"	0.246	0.261875	-0.307	-0.448625	43.846	0.538	0.173	0.289
