ID,Gene_name,Variant_effect,aggregation,aggregation_envt
1,KCNQ1,missense,0.714997,0.529647875
4,GJB3,missense,0.00698975,0.0043685938
5,GJB3,missense,0,0.0574372075
7,SLC26A4,missense,2.99665,1.87290625
8,FOXI1,missense,0,0
9,CDH23,missense,1.81015,1.1313432181
10,ATP2B2,missense,2.58949,1.3002588
14,CDH23,missense,0.0119449,4.8992021039
15,CDH23,missense,2.17611,1.089045
17,DYNC2H1,missense,0,11.4420917259
18,NPHS2,missense,0.0552473,0.093086875
20,PROKR2,missense,2.68399e-05,0.0004714933
21,KAL1,missense,0.00100801,0.0076509513
22,FGFR1,missense,0,0.0083707363
24,FGFR1,missense,0,0
25,GNRHR,missense,1.56237,29.81933875
26,GNRHR,missense,0.00204285,0.0012767813
27,KAL1,missense,43.8497,22.07902459
28,NSMF,missense,0.0107461,0.008248765
33,TJP2,missense,0,0
35,OTUD4,missense,0,0.0023748113
36,RNF216,missense,0,0.0178683
37,EDNRB,missense,0,0.011119875
39,PARK7,missense,0,0
40,PINK1,missense,21.2395,15.5924377625
43,CYP1B1,missense,0,0
44,MYOC,missense,3.442,2.190457175
45,MYOC,missense,0.00412182,0.0025761375
47,TYR,missense,0.0292631,1.0807052625
48,OCA2,missense,1.41685e-07,0.5675609124
50,OCA2,missense,0,0.0013955775
54,FGG,missense,0.288141,0.155274775
55,FGA,missense,0,0
56,SLC3A1,missense,2.89642,1.809717125
57,SLC7A9,missense,0,8.95089433
58,SLC7A9,missense,0.0165283,0.0084658736
59,SLC3A1,missense,0,0.350677942
61,FZD4,missense,0.000778626,0.0003930741
62,LRP5,missense,0,0
63,HAMP,missense,0,0.061510125
66,LMNA,missense,0,0
67,GDAP1,missense,0.0847729,0.0579942125
69,CPOX,missense,0,48.916725
70,ALAD,missense,0,0
71,POLG,missense,1.10515,0.69071875
72,SCN1A,missense,7.33396e-06,3.7447184699999998e-06
73,SCN2A,missense,0,0
75,GGCX,missense,0,0.00220214
76,PITX2,missense,0.0013761,0.0008600625
78,KRT14,missense,0,0
79,KRT5,missense,0.0665405,0.0384404113
80,F5,missense,0,0
84,HFE,missense,0.0158918,0.010425525
86,KCNQ1,missense,0.815397,0.4187219807
87,KCNE1,missense,0,0.0005038463
88,KCNQ1,missense,0.0001532,0.0009136456
89,KCNE1,missense,0.00143608,14.1807545838
90,KCNQ1,missense,0.0113403,0.0070885641
91,KCNQ1,missense,0.113518,0.079081675
92,KCNH2,missense,0,0
93,KCNE1,missense,0,4.7278764875
94,KCNH2,missense,0.000113881,0.0001171721
95,KCNH2,missense,0.102783,0.0583097278
97,KCNH2,missense,9.35101e-05,0.0008228386
98,KCNH2,missense,0.000127202,0.368720726
99,KCNH2,missense,0,0.003298035
100,SCN5A,missense,0.609991,0.315421875
101,KCNE1,missense,0,0
102,SCN5A,missense,0.508615,0.3178966268
105,KCNQ1,missense,0,0
106,KCNH2,missense,0,0
107,SCN5A,missense,0.000763406,0.0017003698
108,KCNH2,missense,1.54846,1.7408075
109,KCNE2,missense,1.51718e-05,1.200524642875e-05
110,CAV3,missense,0,0.013390625
111,KCNH2,missense,0,0
112,BBS2,missense,1.01636,0.6350994963
113,MKKS,missense,0,0.0006896
115,MKKS,missense,1.87496,1.17659518
118,BBS4,missense,0,0.0003615109
119,BBS2,missense,0.728072,6.224234
120,BBS1,missense,30.391,15.20255
121,BBS7,missense,0.12946,0.9772545275
123,BBS1,missense,0,0.017238875
124,MKKS,missense,0,0.090542
126,MKKS,missense,0,0.0002266263
127,BBS2,missense,2.18363,1.3719953375
128,BBS4,missense,0.000781549,0.0067541434
130,BBS4,missense,0.00358701,0.001793505
131,BBS2,missense,0.00464822,1.9815605825
132,BBS4,missense,0,0.0296134625
136,BBS7,missense,0,0.006442825
140,BBS2,missense,24.2437,13.1338329213
141,BBS2,missense,0,0
143,CEP290,missense,0,0
144,BBS10,missense,0.00395583,1.6297200415
146,BBS5,missense,2.20627,14.5278303388
149,BBS10,missense,0,0
151,BBS12,missense,0.0104169,0.0065105625
152,BBS12,missense,0,0.0004984063
153,BBS10,missense,0,0.016870725
155,BBS4,missense,0,0
157,BBS10,missense,1.355e-06,2.4638625000000003e-05
159,BBS10,missense,0,0
163,BBS10,missense,0,0.00122813
165,BBS12,missense,4.95699e-05,36.0410477365
167,BBS12,missense,1.90846,1.18996
168,MKKS,missense,0,0
170,BBS2,missense,0,0
171,BBS10,missense,0.0892319,0.1694284875
174,TTC8,missense,0.0244259,0.019781325
175,BBS9,missense,0,0
178,MKKS,missense,5.97857,2.9976211925
179,BBS10,missense,80.3398,50.212350525
180,ARL6,missense,0.287945,0.179965625
181,TTC8,missense,0.0381572,0.0190786
182,TTC8,missense,0,0
184,BBS12,missense,4.1957,2.6223126763
185,BBS1,missense,0,0.0065191333
186,NPHS2,missense,0,0.0180208425
187,CD2AP,missense,0,0
188,NPHS1,missense,0,0.0065158
191,NPHS1,missense,0.430251,0.2151255
192,TYR,missense,0,0.158804795
193,SLC45A2,missense,0,0.171653
195,SLC45A2,missense,6.91491e-05,0.592054463
196,OCA2,missense,1.42666e-05,1.5404787499999998e-05
197,SLC45A2,missense,0.00318296,0.14968985
199,OCA2,missense,0.00342926,0.0075544125
200,IL10RA,missense,1.61981,1.0329601883
201,IL10RA,missense,0,0
202,NOD2,missense,0,0.0010295564
203,EDA,missense,0.00242065,0.001210325
205,MTR,missense,0,0
206,MYO7A,missense,0.0332987,0.0208116875
208,EDA,missense,0.00386334,0.0060628375
209,WNT10A,missense,0.0151645,0.00758225
210,EDA,missense,37.0186,18.525402325
212,EDA,missense,0,0
213,WNT10A,missense,0,0.0008560315
215,MYO6,missense,3.38484,2.1153711588
217,CPT2,missense,7.61271,3.808627785
219,FGFR1,missense,0.0034729,0.0197364025
220,GNRHR,missense,0,0.0030290225
221,KAL1,missense,0,0
222,PROKR2,missense,0.000145159,0.0006711039
223,FGFR1,missense,0.00217983,0.01794954
224,KISS1R,missense,0,0
225,PROK2,missense,0,0.175032875
226,PROKR2,missense,0.0253372,0.0131180588
227,FGFR1,missense,0,0.0158859375
228,KAL1,missense,0.00714865,0.0044679063
230,SCN5A,missense,0,0
231,KCNQ1,missense,0.241143,0.150714375
233,KCNJ10,missense,0.0136179,0.0085111875
234,SLC26A4,missense,0,0.0004864563
235,KCNJ10,missense,0.000912214,0.000456107
238,GDNF,missense,0,0
245,MFN2,missense,0,0
247,MYO7A,missense,0,0
248,CDH23,missense,0.00730186,0.1342671975
250,CDH23,missense,99.9728,62.4830028527
252,GPR98,missense,0.00342655,47.4124238053
255,DFNB31,missense,0,0.00083029
256,MYO7A,missense,0,0.0073852803
258,USH2A,missense,0,0.009326575
266,IL17RD,missense,0.00387343,0.0409583338
267,FGFR1,missense,0,0.0003297475
268,IL17RD,missense,0,0
269,KISS1R,missense,0,0
270,DUSP6,missense,0.0461561,0.0288475625
271,FGFR1,missense,0.00348535,0.0020515708
272,DUSP6,missense,0,0
274,DUSP6,missense,0,0
275,FGFR1,missense,0,0
276,FGFR1,missense,0,0.1809977368
277,FLRT3,missense,0.0870312,0.136795275
279,ITGA7,missense,0.00219088,0.0063055625
281,HNF4A,missense,4.45498,2.7843630488
283,NPHS2,missense,0.00746544,0.00795953
284,NPHS1,missense,0.0477352,0.0515434581
286,EDA,missense,0,0
287,USH2A,missense,2.75557,1.7222315325
289,MKKS,missense,2.98652,1.87041
290,BBS2,missense,0.0528793,0.0271449563
293,KAL1,missense,0.991853,0.621591875
295,LMNA,missense,0.00893322,0.005937415
296,PRF1,missense,0.00245201,0.0362084283
298,PRF1,missense,0.0191187,0.0119491875
300,PRF1,missense,0.0559895,0.2336645
301,UNC13D,missense,32.7307,16.3656512556
302,UNC13D,missense,0,0.0009102513
303,UNC13D,missense,0,0
304,UNC13D,missense,0.00169599,0.0010599938
305,PRF1,missense,0,0.001847775
306,UNC13D,missense,0.0268624,0.016789
307,UNC13D,missense,0.0147929,0.0089156
308,PRF1,missense,4.88506e-05,3.3222900000000003e-05
309,UNC13D,missense,0,0
310,UNC13D,missense,0.0502677,0.0314173188
312,UNC13D,missense,0.518955,0.41344525
313,PRF1,missense,0,0.7229175
314,UNC13D,missense,0,0.3195976875
315,STXBP2,missense,0,0.0568225
316,PRF1,missense,0,0.302292955
317,STXBP2,missense,0,0.0036064818
318,STXBP2,missense,0,0
320,STXBP2,missense,0,0.0032561963
323,STXBP2,missense,0,0
324,UNC13D,missense,0,0.25267135
325,STX11,missense,0,0
326,STXBP2,missense,0,0.03168675
327,STX11,missense,0,0.0009644588
328,RAB27A,missense,0.137213,0.0864565
329,PROKR2,missense,0.120756,1.3220470375
330,FGFR1,missense,0.0963213,0.0602008125
331,PROKR2,missense,0,0
332,PROKR2,missense,0.00810777,0.0060248354
333,GNRHR,missense,0.00131303,0.015003265
334,POLG,missense,0.00214308,22.1389865925
335,C10orf2,missense,0,0
338,DSP,missense,0.00904144,0.00452072
340,MYH7,missense,0.172989,0.1076309125
341,NEXN,missense,0,0
342,MYH7,missense,0,0
344,DSP,missense,0.00116739,0.0007296188
345,JUP,missense,0,0.069455375
347,JUP,missense,0,0
350,BMPR2,missense,0.2209,0.138062645
353,PDX1,missense,0,0
354,NEUROD1,missense,0,0
358,PROK2,missense,0.621375,0.3910141063
359,GNRHR,missense,0.00521672,0.0052544038
360,ABCC9,missense,0.00255679,0.001278395
363,NEXN,missense,0,0
366,ATP2B3,missense,0,0.34509056
367,LAMA1,missense,0,0
368,LAMA1,missense,0.00204503,0.008800225
369,DSP,missense,27.9861,17.4985367625
370,PRPH2,missense,0,10.61051875
373,C10orf2,missense,0,0
